NAME,RA,DEC,SPECT_TYPE,MIN_MAG_LIMIT,MIN_MAG,MAX_MAG_LIMIT,MAX_MAG,VARIABILITY_TYPE,PERIOD_LIMIT,PERIOD,PERIOD_FLAG,LII,BII,EPOCH,EPOCH_PRECISION,NOVA_YEAR,NOVA_YEAR_FLAG
V2030 Aql,286.99425,8.72919,pec(Nova),>,17.4,,13.5,NA,,,,42.57838,0.33088,,0,2021,
V3732 Oph,263.31179,-27.71972,pec(Nova),,22.2,,14.3,N+E,,,,359.58114,2.95247,,0,2021,
V6595 Sgr,269.56704,-29.24906,pec(Nova),>,24.0,,7.46,NA,,,,1.13944,-2.53667,,0,2021,
V1711 Sco,264.93642,-36.27794,pec(Nova),>,21.0,,11.1,NA,,,,353.10268,-2.80937,,0,2021,
V1710 Sco,257.28379,-37.51136,pec(Nova),>,22.0,,8.53,NA,,,,348.63838,1.55355,,0,2021,
V1391 Cas,2.929,66.18911,pec(Nova),>,21.0,,10.8,N,,,,118.93158,3.62637,59072.0,0,2020,
V2029 Aql,288.60958,14.2445,pec(Nova),>,22.0,,14.6,N,,,,48.20136,1.47686,59010.0,0,2020,
V2000 Aql,280.97221,0.06372,pec(Nova),>,22.0,,15.6,NA,,,,32.12784,1.70865,58957.0,0,2020,
V670 Ser,272.67617,-15.57181,pec(Nova),>,22.0,,12.4,NA,,,,14.46806,1.67131,58902.0,0,2020,
V6567 Sgr,275.68883,-19.60061,pec(Nova),>,22.0,,12.5,N,,,,12.2862,-2.76902,59017.0,0,2020,
V6593 Sgr,268.75,-21.37781,pec(Nova),>,19.2,,10.3,NA,,,,7.57857,2.05258,59127.0,0,2020,
V6566 Sgr,269.0585,-29.71617,pec(Nova),>,22.0,,11.0,NA,,,,0.51299,-2.38684,58880.0,0,2020,
V6568 Sgr,269.53533,-30.09331,pec(Nova),>,22.0,,9.9,N,,,,0.39283,-2.93336,59046.0,0,2020,
V1708 Sco,260.92475,-31.05211,pec(Nova),,18.2,,13.2,NC:+SR,,,,355.64973,2.84358,59102.0,0,2020,
V1709 Sco,258.00075,-40.29908,pec(Nova),>,21.0,,12.7,NA,,,,346.7242,-0.54862,58945.0,0,2020,
YZ Ret,59.62313,-54.77811,pec(Nova),,18.0,,3.7,NA,,,,265.39745,-46.39543,59042.0,0,2020,
V2891 Cyg,317.35638,49.18117,pec(Nova),>,20.8,,14.8,N,,,,90.3305,0.89352,58772.0,0,2019,
V569 Vul,298.03438,27.70581,pec(Nova),>,22.0,,13.3,NA,,,,64.22851,0.32906,58714.0,0,2019,
V2860 Ori,92.48937,12.207,pec(Nova),>,18.0,,10.1,NA,,,,197.33346,-3.44933,58704.0,0,2019,
V659 Sct,279.99875,-10.42831,pec(Nova),>,22.0,,8.36,NA,,,,22.35167,-2.22657,58787.0,0,2019,
V3731 Oph,264.64513,-25.318,,>,22.0,,13.3,N,,,,2.25154,3.23711,58677.0,0,2019,
V3730 Oph,264.63258,-29.06308,pec(Nova),>,23.0,,12.3,N,,,,359.07445,1.25006,58741.0,0,2019,
V1707 Sco,264.28975,-35.17314,pec(Nova),>,21.0,,11.7,NA,,,,353.75783,-1.7761,58741.0,0,2019,
V1706 Sco,256.89238,-36.13978,pec(Nova),,21.3,,12.2,N,,,,349.55187,2.62409,58657.0,0,2019,
V3721 Oph,275.09142,7.18536,,,18.3,,11.7,XN,,,,35.85357,10.15917,58205.0,0,2018,
V613 Sct,277.34558,-14.51228,pec(Nova),>,20.0,,10.43,NA,,,,17.53123,-1.80373,58300.0,0,2018,
V5857 Sgr,271.03938,-18.0655,pec(Nova),>,21.0,,10.6,NA,,,,11.52595,1.82892,58219.0,0,2018,
V3666 Oph,265.60046,-20.88578,pec(Nova),>,22.0,,9.0,NA,,,,6.49178,4.82664,58344.0,0,2018,
V435 CMa,108.441,-21.20869,pec(Nova),,21.3,,10.0,NA,,,,234.31551,-4.8335,58215.0,0,2018,
V3664 Oph,261.1665,-24.36317,pec(Nova),,16.7,,9.6,N:,,,,1.33463,6.40594,58344.0,0,2018,
V3665 Oph,258.51054,-28.82314,pec(Nova),>,21.0,,9.4,NA,,,,356.28592,5.83382,58188.0,0,2018,
V1663 Sco,255.94813,-38.28283,pec(Nova),>,21.0,,11.5,NA,,,,347.38737,1.93098,58181.0,0,2018,
V1662 Sco,252.207,-44.95081,pec(Nova),>,17.0,,9.8,NA,,,,340.4368,-0.05917,58160.0,0,2018,
V408 Lup,234.68275,-47.74503,pec(Nova),,19.4,,8.98,NA,,,,329.74377,6.22721,58274.0,0,2018,
V556 Nor,243.63712,-53.50422,pec(Nova),>,21.0,,10.2,NA,,,,330.38331,-1.8253,58405.0,0,2018,
V906 Car,159.06429,-59.59825,pec(Nova),,19.9,,5.8,NA,,,,286.58011,-1.08864,58204.0,0,2018,
V357 Mus,171.56262,-65.52342,pec(Nova),>,18.0,,6.5,NA,,,,294.25474,-4.09697,58134.0,0,2018,
FM Cir,208.36504,-67.41692,pec(Nova),,17.0,,5.8,NA,,,,308.84938,-5.2605,58200.0,0,2018,
V612 Sct,277.94121,-14.31553,pec(Nova),,19.0,,8.4,NB,,,,17.97254,-2.22442,57965.0,0,2017,
V3663 Oph,259.68779,-24.90647,pec(Nova),>,20.0,,9.3,NA,,,,0.12323,7.21525,58069.0,0,2017,
V3662 Oph,264.94208,-24.9655,pec(Nova),>,22.0,,14.1,NA,,,,2.69367,3.19643,57874.0,0,2017,
V1660 Sco,262.64225,-31.10194,pec(Nova),,21.7,,14.0,N,,,,356.42703,1.59338,58043.0,0,2017,
V1657 Sco,253.07771,-37.90453,pec(Nova),>,17.3,,14.2,N,,,,346.28109,3.9373,57788.0,0,2017,
V549 Vel,132.62342,-47.75786,pec(Nova),,16.9,,9.1,NA:,,,,267.19536,-2.32415,58044.0,0,2017,
V1405 Cen,200.23063,-63.70531,pec(Nova),>,18.5,,10.74,NB,,,,306.19052,-1.02026,57900.0,0,2017,
V606 Vul,305.28208,29.23586,pec(Nova),,21.9,,9.99,NB:,,,,68.94994,-4.21644,,0,2016,
V611 Sct,276.37442,-9.79261,pec(Nova),>,22.0,,13.4,NA,,,,21.26813,1.23193,57639.0,0,2016,
V5853 Sgr,270.28242,-26.52872,pec(Nova),>,22.0,,11.5,NA,,,,3.81652,-1.73467,57611.0,0,2016,
V5855 Sgr,272.61788,-27.49981,pec(Nova),>,22.0,,7.7,NA,,,,3.98133,-4.0248,57686.0,0,2016,
V5856 Sgr,275.21771,-28.37003,pec(Nova),>,22.0,,5.4,NA,,,,4.29299,-6.46126,57700.0,0,2016,
V5854 Sgr,267.48888,-29.24386,pec(Nova),>,21.2,,13.5,N,,,,0.22644,-0.96979,57584.0,0,2016,
V3661 Oph,263.96004,-29.57328,pec(Nova),>,22.0,,10.9,NA,,,,358.32909,1.47123,57460.0,0,2016,
V1656 Sco,260.71442,-31.97697,pec(Nova),>,22.0,,11.4,NA,,,,354.7839,2.47013,57639.0,0,2016,
V1659 Sco,265.74033,-33.42858,pec(Nova),>,20.0,,12.9,N,,,,355.87339,-1.86597,57638.0,0,2016,
V1655 Sco,264.5805,-37.41911,pec(Nova),,19.0,,12.1,NA,,,,351.98312,-3.17457,57551.0,0,2016,
V407 Lup,232.25742,-44.82772,pec(Nova),>,20.0,,5.6,NA,,,,330.09389,9.57336,57657.0,0,2016,
V555 Nor,235.43908,-53.13528,pec(Nova),>,22.0,,12.4,NA,,,,326.8909,1.62399,57481.0,0,2016,
V1831 Aql,290.45883,15.15689,pec(Nova),>,22.0,,14.7,NA,,,,49.84421,0.32203,57295.0,0,2015,
V2944 Oph,262.30583,-18.77056,pec(Nova),>,20.0,,9.0,NA,,,,6.64249,8.57572,57127.0,0,2015,
V5850 Sgr,275.74725,-19.23656,pec(Nova),>,19.0,,11.5,N,,,,12.63419,-2.64759,57327.0,0,2015,
V2949 Oph,263.69892,-24.15111,pec(Nova),>,21.0,,11.9,N,,,,2.77935,4.58725,57308.0,0,2015,
V5667 Sgr,273.60479,-25.90964,pec(Nova),>,16.0,,9.3,N,,,,5.80395,-4.04268,57070.0,0,2015,
V5933 Sgr,270.49325,-26.05733,,>,20.2,,13.0,N,,,,4.31996,-1.66606,,0,2015,:
V5669 Sgr,270.88646,-28.26817,,>,16.0,,8.8,NA,,,,2.56536,-3.05779,57298.0,0,2015,
V5668 Sgr,279.23683,-28.92772,pec(Nova),,16.0,,4.2,N,,,,5.38017,-9.866,57102.0,0,2015,
V1658 Sco,267.05325,-32.58706,pec(Nova),,20.8,,12.3,NA,,,,357.16567,-2.36858,57116.0,0,2015,
V1535 Sco,255.85908,-35.07161,pec(e),>,17.0,,9.4,NA:,,,,349.89835,3.93827,57065.0,0,2015,
V1404 Cen,211.88058,-63.21986,,>,20.0,,10.7,NA,,,,311.37953,-1.60282,57091.0,0,2015,
V962 Cep,313.59896,60.28525,pec(Nova),>,21.0,,11.0,NA,,,,97.31369,9.81897,56730.0,0,2014,
V2659 Cyg,305.42638,31.05819,pec(Nova),,21.0,,9.5,NB,,,,70.52571,-3.28687,56756.0,0,2014,
V5666 Sgr,276.2865,-22.60072,pec(Nova),,20.0,,9.9,NB,,,,9.88352,-4.65671,56701.0,0,2014,
V5862 Sgr,268.83508,-23.39858,,>,22.0,,15.0,NA:,,,,5.87245,0.96585,56704.0,0,2014,
V5866 Sgr,269.57492,-26.531,,,20.5,,11.3,NA:,,,,3.49978,-1.18655,56875.0,0,2014,
V5927 Sgr,270.36008,-26.93906,,>,20.2,,11.4,NA,,,,3.49397,-1.99784,56690.0,0,2014,
FO Cir,223.78029,-60.4445,,>,20.0,,15.3,NA,,,,317.61766,-1.14833,56694.0,0,2014,
V1427 Cen,215.40304,-63.32678,,>,20.0,,10.6,NA,,,,312.84941,-2.20468,56786.0,0,2014,
V919 Car,169.27942,-64.61581,,>,20.0,,10.0,NA,,,,293.03821,-3.57135,56822.0,0,2014,
V809 Cep,347.01958,60.78106,pec(Nova),>,18.6,,11.18,NA,,,,110.64728,0.39858,56327.0,0,2013,
V339 Del,305.87796,20.76783,pec(Nova),,16.9,,4.4,NA,,,,62.19939,-9.42257,56521.0,0,2013,
V1830 Aql,285.63908,3.25528,pec(Nova),,20.0,,15.2,NA,,,,37.09671,-0.98535,56596.0,0,2013,
V556 Ser,272.26429,-11.20956,pec(Nova),>,20.0,,12.0,N,,,,18.10408,4.1218,56623.0,0,2013,
V5926 Sgr,270.3425,-25.31083,,>,20.2,,13.2,NA,,,,4.90198,-1.17904,56394.0,0,2013,
V1533 Sco,263.49771,-36.10586,pec(Nova),>,20.0,,11.1,NA,,,,352.6247,-1.73716,56447.0,0,2013,
V1369 Cen,208.68896,-59.15114,pec(Nova),,15.5,,3.2,NA,,,,310.98156,2.72745,56640.0,0,2013,
DU Hyi,58.77604,-69.39469,,,21.8,,14.69,NA,,,,283.62022,-40.14441,56523.0,0,2013,
DT Hyi,36.67979,-76.57719,,>,22.0,,16.0,NA:,,,,295.97963,-39.23679,56629.0,0,2013,
V959 Mon,99.91083,5.89806,pec(Nova),>,18.0,,9.86,NB,,,,206.34062,0.07545,56154.0,0,2012,
V1724 Aql,283.14567,-0.31181,Pec(Nova),>,19.0,,13.7,NA:,,,,32.78491,-0.39688,56236.0,0,2012,
V5593 Sgr,274.90392,-19.12792,pec(Nova),>,20.0,,11.07,NA,,,,12.35603,-1.89328,56131.0,0,2012,
V5591 Sgr,268.10746,-21.43936,pec(Nova),>,16.5,,9.7,NA,,,,7.22256,2.53745,56106.0,0,2012,
V5589 Sgr,266.36679,-23.08964,pec(Nova),>,16.0,,8.8,NA,,,,4.97667,3.0724,56039.0,0,2012,
V2677 Oph,264.9875,-24.78533,pec(Nova),>,21.0,,11.18,NA,,,,2.8686,3.25689,56069.0,0,2012,
V2676 Oph,261.52925,-25.86183,pec(Nova),>,21.0,,11.8,NA,,,,0.26367,5.30191,56094.0,0,2012,
V5592 Sgr,275.11358,-27.74064,pec(Nova),>,20.0,,7.77,NA,,,,4.81217,-6.08946,56117.0,0,2012,
V1324 Sco,267.72458,-32.62236,pec(Nova),>,19.0,,9.2,NA,,,,357.42551,-2.87227,56098.0,0,2012,
V1703 Sco,267.58021,-33.65203,,>,19.7,,10.2,NB:,,,,356.47687,-3.2936,56105.0,0,2012,
V1368 Cen,205.28896,-58.25478,pec(Nova),>,17.5,,9.3,NA,,,,309.45022,3.98636,56010.0,0,2012,
V1428 Cen,216.26854,-58.75953,pec(Nova),>,17.7,,9.5,NA,,,,314.82967,1.93231,56025.0,0,2012,
V834 Car,162.58192,-64.11297,pec(Nova),>,19.0,,10.2,NA,,,,290.17916,-4.28197,55987.0,0,2012,
V965 Per,47.81762,37.08408,pec(Nova),>,21.0,,17.5,N,,,,151.63539,-17.87459,55873.0,0,2011,
V5588 Sgr,272.589,-23.09164,pec(Nova),>,20.0,,11.3,NA,,,,7.84004,-1.88372,55659.0,0,2011,
V5587 Sgr,266.94258,-23.58714,pec(Nova),>,17.0,,12.2,NA,,,,4.82451,2.36253,55628.0,0,2011,
V3698 Oph,263.09625,-29.81069,,>,20.15,,12.6,NA,,,,357.72242,1.97293,55851.0,0,2011,
V3700 Oph,264.24821,-29.86561,,>,21.0,,13.1,NA,,,,358.21729,1.103,55603.0,0,2011,
V1312 Sco,253.78942,-38.63458,pec(Nova),>,21.0,,10.5,NA,,,,346.06572,3.04344,55715.0,0,2011,
V1313 Sco,249.1845,-41.54381,pec(Nova),>,15.5,,10.4,NA,,,,341.55957,3.83829,55812.0,0,2011,
PR Lup,223.59621,-55.08644,pec(Nova),>,17.0,,8.6,NA,,,,319.97668,3.66409,55788.0,0,2011,
V1723 Aql,281.90992,-3.78725,Pec(Nova),>,18.0,,13.4,NA,,,,29.1285,-0.88249,55451.0,0,2010,
V5991 Sgr,271.51321,-21.32981,,>,12.48,,9.95,N:,,,,8.89742,-0.15795,,0,2010,
V2673 Oph,264.92067,-21.66322,pec(Nova),>,20.0,,8.3,NA,,,,5.49397,4.95825,55213.0,0,2010,
V5861 Sgr,268.64483,-23.53931,,>,21.4,,13.5,NA,,,,5.66284,1.04546,55374.0,0,2010,
V5586 Sgr,268.26242,-28.20539,pec(Nova),>,17.0,,11.1,N,,,,1.46588,-1.02288,55311.0,0,2010,
V6345 Sgr,274.64175,-28.82217,,,19.7,,11.0,N,,,,3.65446,-6.22163,55267.0,0,2010,
V2674 Oph,261.63375,-28.82744,,>,20.0,,9.26,NA,,2010.0,,357.84088,3.57877,55248.0,0,2010,
V5585 Sgr,271.86229,-29.01211,pec(Nova),>,18.0,,8.98,NA,,,,2.33105,-4.16785,55219.0,0,2010,
V3701 Oph,264.24875,-29.13747,,>,21.2,,11.3,NB,,,,358.83201,1.49351,55473.0,0,2010,
V1701 Sco,265.88967,-30.50808,,>,15.4,,13.17,N:,,,,358.42609,-0.44046,55309.0,0,2010,
V5980 Sgr,271.35567,-31.90142,,>,18.0,,12.0,NA,,,,359.58064,-5.17998,,0,2010,
V1310 Sco,256.53138,-37.24094,pec(Nova),>,18.0,,10.5,NA,,,,348.4966,2.1943,55248.0,0,2010,
V1311 Sco,253.80483,-38.06303,pec(Nova),>,18.0,,8.55,NA,,,,346.51935,3.39229,55312.0,0,2010,
V559 Nor,245.49621,-51.14472,,>,18.2,,9.4,NA,,,,332.84531,-0.93124,55262.0,0,2010,
V1722 Aql,288.54046,15.27622,Pec(Nova),>,21.0,,9.96,NA,,,,49.08486,2.01452,55183.0,0,2009,
V496 Sct,280.93987,-7.61167,pec(Nova),>,19.0,,7.1,NA,,,,25.28378,-1.76782,55155.0,0,2009,
KT Eri,71.97583,-10.17861,pec(Nova),,15.0,,7.34,NA,,,,207.98626,-32.02019,55155.0,0,2009,
V5584 Sgr,277.88662,-16.31883,pec(Nova),>,21.0,,9.21,NA,,,,16.16812,-3.10029,55134.0,0,2009,
V5582 Sgr,266.27258,-20.05611,pec(Nova),>,20.0,,11.9,N,,,,7.53144,4.71974,54888.0,0,2009,
V5678 Sgr,268.06288,-22.34233,ea,>,24.4,,16.29,XND,,,,6.42317,2.11424,55139.0,0,2009,
V5581 Sgr,266.03517,-26.09686,pec(e),>,14.0,,12.5,N:,,2009.0,,2.25062,1.76225,54941.0,0,2009,
V2672 Oph,264.58208,-26.73719,pec(Nova),>,20.0,,10.0,NA,,,,1.01871,2.52908,55060.0,0,2009,
V5583 Sgr,271.78196,-33.77636,pec(Nova),>,20.0,,7.3,NA,,,,358.10019,-6.39419,55051.0,0,2009,
V1213 Cen,202.81571,-63.96072,pec(Nova),>,15.0,,8.53,NA,,,,307.28615,-1.42617,54960.0,0,2009,
V2491 Cyg,295.75825,32.32042,pec(Nova),>,16.0,,7.4,NA:,,,,67.2287,4.35305,54568.0,0,2008,
V2468 Cyg,299.63912,29.86847,pec(Nova),>,18.0,,7.6,NA,,,,66.80685,0.24527,54535.0,0,2008,
V1721 Aql,286.61917,7.11236,Pec(Nova),>,20.0,,14.0,N,,,,40.9719,-0.08315,54732.0,0,2008,
V2670 Oph,264.96221,-23.83358,pec(Nova),>,19.0,,10.0,NA,,,,3.66555,3.77998,54614.0,0,2008,
V2671 Oph,263.37338,-27.02069,pec(Nova),>,19.0,,11.1,NA,,,,0.19897,3.2857,54618.0,0,2008,
V5579 Sgr,271.49533,-27.23222,pec(Nova),>,19.0,,6.7,NA,,,,3.73417,-3.02251,54580.0,0,2008,
V5580 Sgr,275.50625,-28.04433,pec(Nova),>,15.0,,7.8,N,,,,4.70174,-6.53737,54799.0,0,2008,
V1705 Sco,269.04312,-30.07681,,>,19.7,,12.0,NA,,,,0.19403,-2.55623,54507.0,0,2008,
V1309 Sco,269.38725,-30.71944,,>,18.0,,7.9,NA,,,,359.78549,-3.13467,54716.0,0,2008,
NR TrA,244.70087,-60.46358,,>,19.0,,8.5,NA,,,,325.9316,-7.2184,54570.0,0,2008,
V679 Car,168.47408,-61.23003,pec(Nova),>,20.0,,7.8,NA,,,,291.46967,-0.54797,54797.0,0,2008,
V1212 Cen,218.76058,-64.10556,,>,19.0,,8.38,NA,,,,313.94985,-3.47279,54708.0,0,2008,
QY Mus,199.15196,-67.61331,,>,17.0,,8.7,N:,,,,305.33296,-4.85897,54749.0,0,2008,
V2467 Cyg,307.05204,41.81008,pec(Nova),>,18.0,,7.3,NA,,,,80.06891,1.84179,54176.0,0,2007,
V459 Vul,297.03696,21.25744,pec(Nova),,20.0,,7.2,NA,,,,58.21321,-2.16796,54462.0,0,2007,
V458 Vul,298.60262,20.88111,pec(Nova),,18.0,,8.1,NA,,,,58.63304,-3.61721,54322.0,0,2007,
V5558 Sgr,272.57608,-18.78111,pec(Nova),>,20.0,,6.53,NB,,,,11.61022,0.20702,54292.0,0,2007,
V2615 Oph,265.68333,-23.67642,pec(Nova),>,20.0,,8.6,NA,,,,4.14753,3.30152,54182.0,0,2007,
V1280 Sco,254.42175,-32.34322,pec(Nova),>,20.0,,3.8,NA,,,,351.33199,6.55271,54148.0,0,2007,
V597 Pup,124.07496,-34.25694,pec(Nova),>,19.0,,7.0,NA,,,,252.52953,0.54538,54419.0,0,2007,
V1281 Sco,254.24729,-35.364,pec(Nova),>,20.0,,9.0,NA,,,,348.85632,4.79841,54154.0,0,2007,
V598 Pup,106.42713,-38.24428,pec(e),,16.0,,4.1,XN,,,,249.10834,-13.81371,54257.0,0,2007,
V390 Nor,248.04783,-45.15372,pec(Nova),>,20.0,,9.8,NA,,,,338.337,2.00612,54271.0,0,2007,
V1065 Cen,175.79262,-58.06772,pec(Nova),>,17.0,,8.5,NA,,,,293.98383,3.61308,54126.0,0,2007,
V2362 Cyg,317.88475,44.80108,pec(Nova),>,20.0,,8.5,N,,,,87.37242,-2.35738,53831.0,0,2006,
V2575 Oph,263.30442,-24.35197,pec(Nova),>,17.0,,11.07,N,,,,2.41514,4.78207,53779.0,0,2006,
V2576 Oph,258.8875,-29.16108,pec(Nova),>,17.0,,9.2,N,,,,356.2004,5.3694,53834.0,0,2006,
V5914 Sgr,270.20713,-30.81633,,>,21.0,,16.4,N,,,,0.05096,-3.79455,53777.0,0,2006,
V5117 Sgr,269.71921,-36.79308,pec(Nova),>,17.0,,9.2,NA,,,,354.62408,-6.37743,53787.0,0,2006,
V2361 Cyg,302.32946,39.81458,pec(Nova),>,19.0,,10.13,NA,,,,76.40569,3.67576,53413.0,0,2005,
V1663 Aql,286.30075,5.23664,Kep,>,18.0,,10.8,NA,,,,39.16033,-0.66359,53533.0,0,2005,
V476 Sct,278.01979,-6.72619,pec(Nova),>,17.0,,11.1,NA,,,,24.7407,1.21263,53642.0,0,2005,
V477 Sct,279.67888,-12.271,pec(Nova),>,19.0,,10.4,NA,,,,20.56745,-2.78919,53657.0,0,2005,
V378 Ser,267.35237,-12.99978,pec(Nova),>,18.0,,11.5,N,,,,14.16699,7.42768,53467.0,0,2005,
V5115 Sgr,274.24571,-25.94417,pec(Nova),>,18.0,,7.8,NA,,,,6.04618,-4.56718,53460.0,0,2005,
V5116 Sgr,274.46154,-30.442,,>,15.0,,7.4,NA,,,,2.13629,-6.83265,53557.0,0,2005,
V1188 Sco,266.08996,-34.27658,,>,17.0,,8.66,NA,,,,355.30248,-2.55732,53579.0,0,2005,
V382 Nor,244.93642,-51.58142,pec(Nova),>,17.0,,8.7,NA,,,,332.28949,-0.99468,53445.0,0,2005,
V2574 Oph,264.68962,-23.47183,pec(Nova),>,20.0,,10.2,NA,,,,3.84065,4.18333,53116.0,0,2004,
V5114 Sgr,274.88454,-28.60992,pec(Nova),>,18.0,,8.1,NA,,,,3.94289,-6.31212,52081.0,0,2004,
V1186 Sco,258.21367,-30.94378,pec(Nova),>,18.0,,9.6,N,,,,354.40314,4.80956,53196.0,0,2004,
V1187 Sco,262.32842,-31.76714,pec(Nova),,18.0,,9.6,NA,,,,355.7241,1.45044,53224.0,0,2004,
V475 Sct,282.40667,-9.56414,pec(Nova),>,16.0,,8.4,N,,,,24.20145,-3.94659,52885.0,0,2003,
V2573 Oph,259.80871,-27.37647,pec(Nova),>,20.0,,10.5,NA,,,,358.13718,5.72576,52817.0,0,2003,
V5113 Sgr,272.54342,-27.75978,pec(Nova),>,18.0,,8.8,NA,,,,3.72086,-4.09137,52902.0,0,2003,
V1228 Sco,259.99583,-31.75033,,>,18.0,,16.7,XN,,,,354.62376,3.10119,52659.0,0,2003,
DZ Cru,185.8175,-60.37611,pec(e),>,20.0,,9.7,N:,,,,299.45485,2.30533,52875.0,0,2003,
DE Cir,229.46954,-61.95453,pec(Nova),,18.0,,7.5,NA,,,,319.25286,-3.81566,52922.0,0,2003,
V709 Cep,344.538,66.35344,,,20.6,,12.63,N:,,,,111.90252,5.93839,52173.0,0,2001,
V1548 Aql,286.86846,11.74606,pec(Nova),>,20.0,,10.8,NA:,,,,45.20073,1.82851,52042.0,0,2001,
V1039 Cen,208.92179,-64.26586,pec(Nova),>,20.0,,9.11,NA,,,,309.83717,-2.25891,52185.0,0,2001,
V1405 Cas,351.19887,61.18744,pec(Nova),,15.6,,5.2,NB,,,,112.68504,0.05131,,0,2000,
V1112 Per,67.32854,43.90639,pec(Nova),,20.1,,8.2,NA,,,,158.89461,-3.23432,,0,2000,
CI Aql,283.01483,-1.47747,pec(e),,16.2,,8.5,NR+EA,,,,31.68772,-0.81187,51670.0,0,2000,
V6594 Sgr,282.27112,-19.0345,pec(Nova),,20.0,,9.3,NA,,,,15.61727,-8.05214,,0,2000,
V946 Car,145.25762,-57.99883,pec(Nova),>,17.0,,10.08,NA,,,,279.83596,-3.93797,,0,2000,
V1493 Aql,286.90379,12.52408,pec(Nova),(,21.0,,9.8,NA,,,,45.90816,2.1551,51373.0,0,1999,
V1494 Aql,290.77217,4.95544,pec(Nova),,16.0,,5.03,NA+EA,,,,40.97368,-4.74222,51516.0,0,1999,
DD Cir,215.84775,-69.14592,pec(Nova),>,21.0,,7.5,NA+EA,,,,310.99729,-7.72664,51415.0,0,1999,
CI Cam,64.92558,55.99936,B4III-Ve,,11.81,,9.25,XNG,,,,149.17652,4.13307,,0,1998,
LZ Aqr,320.81058,-5.79803,pec(e),,21.7,,16.5,XNDR,,,,46.48298,-36.19939,50998.0,0,1998,
V5858 Sgr,267.65033,-30.02961,,>,19.5,,14.7,NA,,,,359.62351,-1.49299,50552.0,0,1997,
V823 Car,167.12308,-61.32017,,>,19.6,,17.1,NC:,,,,290.90223,-0.87624,50580.0,0,1997,
V723 Cas,16.27229,54.01114,pec(Nova),,18.0,,7.08,NB+E:,,,,124.96053,-8.80683,50070.0,0,1995,
V888 Cen,195.63254,-60.19356,pec(Nova),>,16.0,,7.2,NA,,,,304.3114,2.64848,49773.0,0,1995,
BY Cir,221.22279,-63.89886,pec(Nova),,18.85,,7.2,NA+EA,,,,315.02194,-3.72288,49746.0,0,1995,
V705 Cas,355.44679,57.51689,pec(Nova),>,16.0,,5.7,NA,,,,113.65971,-4.09558,49339.0,0,1993,
V1419 Aql,288.27833,1.57314,pec(Nova),>,22.0,,7.4,NA,,,,36.811,-4.09997,49130.0,0,1993,
V868 Cen,207.54417,-63.14778,pec(Nova),>,22.5,,10.24,NA,,,,309.50796,-1.02844,48376.0,0,1991,
V1674 Her,284.379,16.89422,pec(Nova),>,20.0,,6.13,NA,,,,48.70647,6.31127,,0,1990,
OS And,348.02483,47.47211,pec(Nova),,18.0,,6.3,NA,,,,106.05188,-12.11752,46772.0,0,1986,
V842 Cen,218.96908,-57.62642,pec(Nova),,20.0,,4.6,NA,,,,316.57404,2.45256,46759.0,0,1986,
V1680 Aql,285.56033,13.05089,,>,21.0,,9.7,NA,,,,45.77812,3.56119,46266.0,0,1985,
V1378 Aql,289.14729,3.72203,,,21.0,,10.0,N,,,,39.12371,-3.88004,46037.0,0,1984,
V1370 Aql,290.83854,2.49061,,,19.5,,6.0,NA,,,,38.8129,-5.947,44977.0,0,1982,
V693 CrA,280.49125,-37.52056,pec(Nova),>,19.0,,6.5,NA,,,,357.83001,-14.39155,44697.0,0,1981,
V4065 Sgr,274.90917,-24.73219,e,>,14.0,,8.6,NA,,,,7.4021,-4.52917,44541.0,0,1980,
U Sco,245.62825,-17.87856,pec(e),,19.3,,8.7,NR,,,,357.66862,21.86877,44049.0,0,1979,
V1668 Cyg,325.64725,44.03183,pec(Nova),,20.0,,6.0,NA,,,,90.83751,-6.76008,43764.0,0,1978,
LW Ser,267.96204,-14.73072,pec(Nova),>,16.0,,8.3,NA,,,,12.95881,6.04677,43569.0,0,1978,
V4049 Sgr,275.15904,-27.94056,pec(Nova),>,20.0,,12.0,N,,,,4.65248,-6.21742,43576.0,0,1978,
HS Sge,294.84217,18.13203,pec(Nova),,20.0,,7.2,NA,,,,54.47176,-1.93092,43151.0,0,1977,
V4021 Sgr,279.562,-23.37975,pec(Nova),>,15.0,,8.8,NA,,,,10.55649,-7.69825,43235.0,0,1977,
NQ Vul,292.31146,20.46661,peq(Nova),,18.0,,6.01,NB,,,,55.35522,1.2899,43085.0,0,1976,
V2104 Oph,270.85425,11.79919,pec(Nova),>,20.0,,8.8,NA,,,,38.25119,15.92909,43045.0,0,1976,
V1500 Cyg,317.90254,48.15067,pec(Nova),>,21.0,,1.69,NA,,,,89.82318,-0.07327,42655.0,0,1975,
HM Sge,295.48779,16.74433,pec(e)+M,,18.0,,11.1,NC+M,,,,53.56624,-3.15024,42630.0,0,1975,
V1301 Aql,289.48,4.78842,pec(Nova),,19.5,,10.3,NA,,,,40.22489,-3.68019,42570.0,0,1975,
V373 Sct,283.86183,-7.71808,pec(Nova),,18.5,,6.0,NA,,,,26.50421,-4.39696,42541.0,0,1975,
V3964 Sgr,267.42758,-17.39339,pec(Nova),>,16.9,,10.0,NA,,,,10.38899,5.14539,42575.0,0,1975,
V3889 Sgr,269.58958,-28.36489,ea,,20.0,,8.4,NA,,,,1.91641,-2.11305,42607.0,0,1975,
V400 Per,46.90958,47.12764,pec(Nova),,18.26,,8.0,NAB,,,,145.66325,-9.6439,42313.0,0,1974,
V3888 Sgr,267.16879,-18.76017,pec(Nova),>,20.0,,7.5,NA,,,,9.08274,4.66082,42327.0,0,1974,
V812 Cen,198.47596,-57.67942,pec(Nova),,20.4,,11.0,NB,,,,305.94311,5.06092,41796.0,0,1973,
IV Cep,331.15396,53.50658,pec(Nova),,17.3,,7.7,NA,,,,99.61371,-1.63814,41141.0,0,1971,
LS And,8.04258,41.96989,,,20.2,,11.7,NA,,,,119.1036,-20.75859,41188.0,0,1971,
V1330 Cyg,313.18667,35.99097,pec(Nova),,18.1,,7.5,NA,,,,78.37607,-5.48826,40722.0,0,1970,
V1229 Aql,291.18592,4.24664,pec(Nova),,18.6,,6.7,NA,,,,40.53734,-5.43763,40686.0,0,1970,
FH Ser,277.696,2.61453,pec(Nova),,16.0,,4.39,NA,,,,32.90906,5.78604,40636.0,0,1970,
V368 Sct,281.43175,-8.55003,pec(Nova),,19.3,,7.7,NA,,,,24.66972,-2.62873,40798.0,0,1970,
V3645 Sgr,278.95571,-18.69403,pec(Nova),,18.0,,8.0,NB,,,,14.51636,-5.09197,40580.0,0,1969,
V2109 Oph,261.06696,-24.61425,pec(Nova),>,13.0,,10.8,NA:,,,,1.07388,6.34193,40394.0,0,1969,
V2572 Sgr,277.90358,-32.59975,pec(Nova),,14.83,,6.5,NA,,,,1.51361,-10.422,40413.0,0,1969,
LU Vul,296.39738,28.59142,peq(Nova),>,21.0,,9.2,NA,,,,64.26154,2.02213,40057.0,0,1968,
LV Vul,297.00292,27.17211,peq(Nova),,16.9,,5.17,NA,,,,63.30342,0.8459,39964.0,0,1968,
V592 Her,247.73487,21.28283,,>,20.0,,12.3,NA,,,,38.81871,39.98951,40038.0,0,1968,
V4027 Sgr,270.62217,-28.75553,pec(Nova),>,16.3,,11.0,NB,,,,2.02596,-3.09445,39994.0,0,1968,
HR Del,310.58479,19.16092,pec(Nova),,12.4,,3.7,NB,,,,63.43044,-13.97211,39838.0,0,1967,
RS Oph,267.55487,-6.70794,OB+M2ep,,12.5,,4.3,NR,,,,19.79939,10.37221,39791.0,0,1967,
V2024 Oph,265.59583,-24.99,pec(Nova),>,18.0,,9.5,N,,,,2.98591,2.68009,,0,1967,
T Pyx,136.17292,-32.37992,pec(Nova),,15.77,,7.0,NR,(,7000.0,,257.2072,9.70668,39501.0,0,1967,
V655 CrA,276.1865,-36.99503,pec(Nova),,17.0,,8.0,N,,,,356.86029,-11.05709,,0,1967,
V1016 Cyg,299.27087,39.82678,pec,,17.5,,10.05,NC+M,,,,75.17265,5.67776,,0,1964,
QZ Aur,82.142,33.30608,pec(Nova),,18.0,,6.0,NA+E,,,,174.35482,-0.73015,38440.0,0,1964,
V533 Her,273.58546,41.85628,pec(Nova),,16.2,,3.0,NA,,,,69.18889,24.27329,38060.0,0,1963,
HZ Pup,120.84517,-28.47461,pec(Nova),,18.5,,7.7,NB,,,,246.17861,1.38479,38048.0,0,1963,
HS Pup,118.35358,-31.64744,,>,20.0,,8.0,NA,,,,247.75565,-2.11212,38385.0,0,1963,
V825 Sco,267.47167,-33.53733,,>,13.0,,8.0,N,,,,356.52937,-3.15728,38380.0,0,1963,
V366 Sct,277.43333,-12.31056,ea,>,20.0,,15.4,N:,,,,19.52247,-0.85924,37442.0,0,1961,
V1012 Oph,265.39392,-23.39253,pec(Nova),>,21.0,,14.0,N,,,,4.25011,3.67638,37410.0,0,1961,
V446 Her,284.34,13.24139,pec(Nova),,18.8,,2.8,NA,,,,45.40918,4.70708,36997.0,0,1960,
DZ Ser,270.24525,-10.56447,pec(Nova),>,20.0,,8.0,N,,,,17.70841,6.16921,,0,1960,
FV Sct,278.71521,-12.92414,pec(Nova),,21.0,,7.0,N,,,,19.55521,-2.25215,37070.0,0,1960,
V1944 Sgr,270.15354,-27.28736,pec(Nova),,15.0,,7.0,N,,,,3.10008,-2.01037,37079.0,0,1960,
V1235 Oph,255.45833,-20.35014,,>,20.8,,17.0,N:,,,,1.62441,13.02949,36810.0,0,1959,
V1195 Oph,255.09029,-20.89264,,>,20.1,,16.3,NR:,(,1051.0,,0.96611,12.98992,36888.0,0,1959,
V972 Oph,263.68513,-28.17689,pec(Nova),>,16.5,,8.0,NB,,,,359.37526,2.42761,36161.0,0,1957,
RW UMi,251.97842,77.03675,pec(Nova),>,21.0,,6.0,NA,,,,109.63774,33.15003,35741.0,0,1956,
V1572 Sgr,271.4,-31.64528,pec(Nova),>,16.0,,11.0,N,,,,359.82412,-5.0893,35155.0,0,1955,
V1274 Sgr,267.23138,-17.86683,pec(Nova),>,13.0,,9.5,NB,,,,9.88426,5.0655,34978.0,0,1954,
V908 Oph,262.17083,-27.75639,pec(Nova),>,14.0,,11.5,N,,,,358.99704,3.77778,34925.0,0,1954,
V1275 Sgr,269.77646,-36.31133,pec(Nova),>,13.0,,7.5,NA,,,,355.06936,-6.18173,34928.0,0,1954,
V411 Car,157.83062,-59.97381,pec(e),,19.0,,14.5,N:,,,,286.23243,-1.72553,34401.0,0,1953,
RR Cha,201.5995,-82.32872,pec,,18.8,,7.1,NA+EA+AM:,,,,304.16522,-19.54083,34478.0,0,1953,
FS Sct,284.57042,-5.40133,pec(Nova),,16.6,,10.1,N,,,,28.89544,-3.9782,34191.0,0,1952,
V906 Oph,261.54042,-21.90778,pec(Nova),>,13.0,,8.4,NA,,,,3.58898,7.47336,34240.0,0,1952,
V1174 Sgr,270.40833,-28.73333,ea,>,18.0,,12.0,N,,,,1.95295,-2.9203,34064.0,0,1952,
V1175 Sgr,273.56667,-31.11806,pec(Nova),>,12.0,,7.0,NA,,,,1.17383,-6.46629,34064.0,0,1952,
V722 Sco,267.15417,-34.96583,,>,13.0,,9.4,N,,,,355.16556,-3.66335,34075.0,0,1952,
V723 Sco,267.52208,-35.39944,,,22.2,,9.0,NA,,,,354.94604,-4.14343,34236.0,0,1952,
V841 Aql,286.91579,10.49547,pec(Nova),,20.9,,11.5,NB,,,,44.11104,1.21243,33743.0,0,1951,
V1172 Sgr,267.59858,-20.67497,pec(Nova),>,10.0,,9.0,N,,,,7.63936,3.33529,33713.0,0,1951,
V2415 Sgr,268.29833,-29.57361,ea,>,18.0,,13.0,N:,,,,0.30265,-1.74449,33918.0,0,1951,
DK Lac,342.44575,53.28883,pec(Nova),,15.5,,5.0,NA,,,,105.23716,-5.35147,33304.0,0,1950,
V719 Sco,266.43279,-34.01528,pec(Nova),>,18.5,,9.8,NA,,,,355.67369,-2.66352,33482.0,0,1950,
V721 Sco,265.62121,-34.67819,pec(Nova),>,18.0,,9.5,N,,,,354.75747,-2.43847,33528.0,0,1950,
V720 Sco,267.9925,-35.39083,pec(Nova),>,18.0,,7.5,NA,,,,355.14862,-4.46949,33500.0,0,1950,
EU Sct,284.055,-4.20833,pec(Nova),,17.0,,8.0,NA,,,,29.72755,-2.9796,33135.0,0,1949,
V394 CrA,270.10883,-39.00975,pec(Nova),>,13.5,,7.5,NA,,,,352.82243,-7.72324,32999.0,0,1949,
V902 Sco,261.53517,-39.06678,ea,,17.0,,11.0,N:,,,,349.29506,-2.06848,33058.0,0,1949,
V1162 Cyg,298.69046,36.78647,,>,17.6,,15.8,NL:,,,,72.31795,4.509,32618.0,0,1948,
V465 Cyg,298.15771,36.56444,pec(Nova),>,17.9,,7.3,NB,,,,71.90771,4.76329,32704.0,0,1948,
CT Ser,236.41275,14.37567,pec(Nova),,16.6,,6.0,NA,,,,24.48205,47.563,32600.0,0,1948,
V365 Car,165.81658,-58.45764,pec(e),,21.6,,10.1,NB,,,,289.1678,1.49337,32820.0,0,1948,
V1151 Sgr,276.34929,-20.19961,pec(Nova),>,16.0,,10.0,N,,,,12.04481,-3.5975,32320.0,0,1947,
V928 Sgr,274.75129,-28.10044,pec(Nova),>,14.7,,8.5,N,,,,4.34245,-5.97227,32316.0,0,1947,
T CrB,239.87567,25.92017,M3III+pec(Nova),,10.8,,2.0,NR,(,29000.0,,42.3738,48.16469,31860.0,0,1946,
V1150 Sgr,274.73079,-24.09214,pec(Nova),>,16.1,,12.0,N,,,,7.89312,-4.0861,,0,1946,
V528 Aql,289.82963,0.6315,pec(Nova),,18.1,,7.0,NA,,,,36.68681,-5.91021,31695.0,0,1945,
V1149 Sgr,274.62696,-28.288,pec(Nova),>,16.5,,7.4,N,,,,4.12427,-5.96227,31500.0,0,1945,
V1431 Sgr,270.87329,-29.99844,,>,19.2,,17.2,N:,,,,1.04775,-3.89407,31675.0,0,1945,
V927 Sgr,271.92983,-33.35483,pec(Nova),>,16.5,,7.5,NA,,,,358.53212,-6.30152,31197.0,0,1944,
V696 Sco,268.29842,-35.83761,pec(Nova),>,16.5,,7.5,NA,,,,354.88721,-4.90947,31226.0,0,1944,
RR Tel,301.07725,-55.72589,pec,,16.5,,6.5,NC,,,,342.16266,-32.24178,,0,1944,
V500 Aql,298.11654,8.47969,pec(Nova),,17.8,,6.4,NA+E,,,,47.60861,-9.46246,30845.0,0,1943,
V1148 Sgr,272.27425,-25.98544,pec(Nova),>,16.0,,8.0,N,,,,5.16424,-3.02805,30956.0,0,1943,
V450 Cyg,314.69829,35.94153,pec(Nova),>,17.0,,7.0,NB,,,,79.12823,-6.45762,30510.0,0,1942,
KT Mon,96.32708,5.44222,pec(Nova),,15.5,,9.8,NA,,,,205.09955,-3.29901,30718.0,0,1942,
CP Pup,122.94192,-35.35139,pec(Nova),>,17.0,,0.5,NA,,,,252.92604,-0.83522,30675.0,0,1942,
V909 Sgr,276.46929,-35.02417,pec(Nova),>,16.0,,6.8,NA,,,,358.76705,-10.40368,30172.0,0,1941,
V697 Sco,267.84142,-37.41567,,>,16.5,,8.0,NA,,,,353.33286,-5.38717,30000.0,0,1941,
CI Gem,97.52442,22.31408,,>,18.0,,14.7,N:,,,,190.66589,5.54199,29632.0,0,1940,
V2110 Oph,265.88904,-22.75997,pec(Nova)+M8,,22.0,,12.0,NC,,,,5.02912,3.61971,,0,1940,:
V553 Oph,265.72292,-24.85728,,>,16.5,,11.0,NA,,,,3.15956,2.65168,29830.0,0,1940,
CQ Vel,134.7105,-53.33639,,>,16.5,,9.0,NA,,,,272.33064,-4.89498,29739.0,0,1940,
BT Mon,100.94683,-2.02028,pec(Nova),,18.7,,4.0,NA+EA,,,,213.85915,-2.6228,29503.0,0,1939,
V794 Oph,264.70504,-22.84681,,>,16.0,,11.5,NB,,,,4.37978,4.50249,29510.0,0,1939,
V404 Cyg,306.01596,33.86747,,>,18.5,,11.5,N,,,,73.11899,-2.09133,29186.0,0,1938,
V787 Sgr,270.00908,-30.50833,pec,>,16.5,,7.2,NA,,,,0.23518,-3.49441,28680.0,0,1937,
V745 Sco,268.8425,-33.24967,,>,14.9,,11.0,NA,,,,357.35825,-3.99889,28665.0,0,1937,
YY Dor,89.17658,-68.90953,,>,18.0,,10.8,NR,,,,279.10097,-30.07907,28861.0,0,1937,
CP Lac,333.92146,55.61708,pec(Nova),,16.6,,2.1,NA,,,,102.14133,-0.83748,28340.0,1,1936,
V368 Aql,291.64337,7.60378,pec(Nova),,16.5,,5.0,NA+EA,,,,43.72739,-4.26541,28438.4,1,1936,
V356 Aql,289.30638,1.72281,pec(Nova),,17.7,,7.0,NB,,,,37.41837,-4.94365,28444.0,0,1936,
V726 Sgr,274.89092,-26.88872,pec(Nova),>,16.5,,9.0,NA,,,,5.47888,-5.51941,28290.0,0,1936,
V732 Sgr,269.03129,-27.37131,pec(Nova),>,16.0,,6.0,NA,,,,2.52956,-1.1883,28280.0,0,1936,
V990 Sgr,269.328,-28.31897,,>,14.7,,11.1,NA,,,,1.84113,-1.89067,28424.0,0,1936,
V630 Sgr,272.20217,-34.33914,pec(Nova),,14.4,,1.6,NA,,,,357.76804,-6.96784,28445.0,0,1936,
V1310 Sgr,278.75421,-30.05989,,>,15.5,,11.1,N:,,,,4.15948,-9.97743,27983.0,0,1935,
V744 Sco,268.32662,-31.22508,,>,15.6,,13.3,N:,,,,358.89028,-2.60243,27846.0,0,1935,
AP Cru,187.83525,-64.44019,,>,15.0,,10.7,NA,,,,300.76556,-1.65301,27885.0,0,1935,
DQ Her,271.87579,45.85889,pec(Nova),,18.08,,1.3,NB+EA,,,,73.15286,26.44374,27794.0,0,1934,
BD Pav,280.79929,-57.51233,pec(UG),,16.21,,12.4,UG:+EW/WD,,,,338.18182,-21.55787,27688.0,0,1934,
V737 Sgr,271.78733,-28.74803,,>,13.0,,9.5,N,,,,2.53114,-3.98288,27249.0,0,1933,
V1905 Sgr,278.42521,-25.34522,,>,16.5,,9.1,NA,,,,8.31556,-7.64339,26803.0,0,1932,
V522 Sgr,282.00221,-25.37394,,,17.5,,13.9,N:,,,,9.71395,-10.56606,26570.0,0,1931,
MT Cen,176.00246,-60.56297,,,19.0,,8.4,NA,,,,294.73645,1.2314,26472.0,0,1931,
V441 Sgr,275.53371,-25.47983,pec(Nova),,16.5,,8.7,NA,,,,7.00151,-5.37742,26230.0,0,1930,
BC Cas,357.82275,60.30283,pec(e),,17.7,,10.7,NA:,,,,115.54399,-1.70331,25825.0,0,1929,
V1583 Sgr,273.86037,-23.38839,,>,16.5,,8.9,NA,,,,8.13835,-3.0516,25422.0,0,1928,
KP Sco,266.07042,-35.72297,,>,16.5,,9.4,NA,,,,354.05842,-3.29804,25419.0,0,1928,
XX Tau,79.85183,16.71678,pec(Nova),,16.5,,6.0,NA,,,,187.10406,-11.65363,25154.0,0,1927,
EL Aql,284.00829,-3.32208,pec(Nova),,20.0,,6.4,NA,,,,30.49677,-2.53544,25043.0,0,1927,
V363 Sgr,287.81788,-29.83356,pec(Nova),>,16.0,,8.0,NA,,,,7.62944,-17.072,25096.0,0,1927,
VZ Tuc,8.50542,-73.27111,,>,18.0,,11.4,NA,,,,304.6669,-43.79842,25230.0,0,1927,
EY Aql,293.6855,15.031,,>,20.0,,10.5,NA:,,,,51.22149,-2.47532,24762.0,0,1926,
FM Sgr,274.32608,-23.64108,,,16.5,,8.2,NA,,,,8.11767,-3.54737,24727.0,0,1926,
KY Sgr,270.33808,-26.41239,,>,16.5,,10.5,NA,,,,3.94233,-1.72044,24666.0,0,1926,
X Cir,220.69583,-65.21,pec(Nova),>,16.5,,6.5,NB,,,,314.26325,-4.81736,24762.0,0,1926,
RY Dor,78.74167,-66.83667,,>,18.0,,12.4,N,,,,277.20103,-34.21316,24767.0,0,1926,
DO Aql,292.8575,-6.42739,pec(Nova),,18.8,,8.7,NB+EA,,,,31.70489,-11.80538,24450.0,0,1925,
RR Pic,98.90025,-62.64008,pec(Nova),,12.52,,1.2,NB,,,,272.35495,-25.67193,24310.0,0,1925,
GR Sgr,275.74392,-25.57972,,,16.6,,7.5,NA:,,,,7.0005,-5.59179,23906.0,0,1924,
FL Sgr,270.12567,-34.60319,,>,13.0,,8.3,NA,,,,356.70686,-5.59394,23960.0,0,1924,
V707 Sco,267.11037,-36.63194,pec(Nova),>,15.0,,9.9,N,,,,353.71274,-4.48628,23253.0,0,1922,
CK Cyg,298.39362,56.98603,,>,17.0,,12.0,NC:,,,,90.07658,14.62527,22586.0,0,1920,
V476 Cyg,299.602,53.61853,pec(Nova),,17.09,,2.0,NA,,,,87.36737,12.41741,22561.0,0,1920,
IM Nor,234.86029,-52.32167,,>,20.0,,9.0,NB,,,,327.09798,2.48537,22512.0,0,1920,
HR Lyr,283.35396,29.22708,pec(Nova),,15.8,,6.5,NA,,,,59.58416,12.47076,22299.0,0,1919,
V849 Oph,273.53042,11.61183,pec(Nova),>,17.5,,7.2,NB,,,,39.23318,13.47958,22268.0,0,1919,
RZ Leo,174.34262,1.81619,,,17.5,,11.5,NR,,,,264.7719,59.08621,21665.0,0,1918,
V603 Aql,282.22767,0.58414,pec(Nova),,12.15,,-1.4,NA+XM:,,,,33.16373,0.82865,21755.0,0,1918,
GI Mon,111.69633,-6.67497,pec(Nova),,15.1,,5.2,NA,,,,222.93025,4.74909,21595.0,0,1918,
BS Sgr,276.69462,-27.13886,,>,16.0,,9.2,NB:,,,,5.99688,-7.06201,21427.0,0,1917,
V840 Oph,253.68346,-29.62433,,>,17.0,,6.5,NA,,,,353.09662,8.72857,21344.0,0,1917,
SS Sge,294.78479,16.71114,,>,16.0,,11.7,N:,,,,53.2058,-2.58035,21090.0,0,1916,
GR Ori,80.39717,1.17006,,>,20.0,,11.5,N,,,,201.17134,-19.30889,20893.0,0,1916,
GL Sct,281.45162,-6.42061,,>,16.8,,13.6,N:,,,,26.57599,-1.67682,20629.0,0,1915,
V949 Sgr,280.26337,-28.15992,,>,17.0,,15.8,M,,,,6.47833,-10.3496,20330.0,0,1914,
V1012 Sgr,271.55875,-31.74114,,>,17.0,,8.0,NA,,,,359.80519,-5.25386,20356.0,0,1914,
AI Cir,222.38037,-68.85997,,>,16.5,,10.9,N,,,,313.28018,-8.39484,20282.0,0,1914,
DN Gem,103.72654,32.14119,pec(Nova),,15.76,,3.6,NB,,,,184.01813,14.71377,19476.0,0,1912,
DI Lac,338.95246,52.71653,pec(Nova),,14.91,,4.3,NA,,,,103.10758,-4.85505,19000.5,1,1910,
V999 Sgr,270.02367,-27.55392,pec(Nova),,16.6,,7.5,NB,,,,2.81125,-2.04236,18680.0,0,1910,
OY Ara,250.21013,-52.43072,pec(Nova),,17.5,,6.0,NA+EA,,,,333.90209,-3.93737,18767.0,0,1910,
SS UMa,210.51125,54.46583,,>,20.8,,13.5,SN,,,,102.44586,59.76445,18359.0,0,1909,
V711 Sco,268.52542,-34.35461,,>,15.5,,9.7,NB,,,,356.26728,-4.32504,17394.0,0,1906,
AR Cir,222.03858,-60.00689,,,18.0,,10.3,NB,,,,317.03841,-0.37114,17258.0,0,1906,
SV Ari,51.26392,19.83136,,,22.1,,12.0,N:,,,,165.41654,-30.09134,17156.0,0,1905,
V604 Aql,285.52587,-4.44581,pec(Nova),,19.9,,7.6,NA,,,,30.18177,-4.39455,17072.0,0,1905,
V1015 Sgr,272.25813,-32.47556,,>,12.0,,7.1,NA,,,,359.44194,-6.12543,17054.0,0,1905,
CN Vel,165.66067,-54.38603,pec(Nova),>,16.5,,9.8,NB,,,,287.43076,5.17839,17150.0,0,1905,
DM Gem,101.05042,29.945,pec(Nova),,16.5,,4.8,NA,,,,185.12681,11.7281,16179.0,0,1903,
X Ser,244.82358,-2.49136,pec(e),,18.3,,9.0,NB,,,,10.84074,31.87253,16200.0,0,1903,
DY Pup,123.45204,-26.56581,,>,16.0,,7.0,N,,,,245.82302,4.36157,16073.0,0,1902,
GK Per,52.80004,43.90428,pec(Nova),,14.0,,0.2,NA+XP,,,,150.95597,-10.10414,15439.0,0,1901,
V1289 Aql,294.67563,12.27258,,>,15.5,,13.0,NL:,,,,49.27243,-4.65493,16315.0,0,1901,
V1014 Sgr,271.69117,-27.43789,,>,16.1,,10.8,NB,,,,3.63873,-3.27447,15551.0,0,1901,
V382 Sco,267.98433,-35.41817,,>,16.5,,9.0,NA,,,,355.12159,-4.47756,15631.0,0,1901,
HS Sgr,277.01471,-21.57372,,,16.5,,10.0,NB,,,,11.11,-4.78303,15264.0,0,1900,
AT Sgr,270.87908,-26.47478,,>,16.5,,11.0,NA,,,,4.12679,-2.17271,15283.0,0,1900,
V606 Aql,290.10104,-0.13386,pec(Nova),,17.3,,5.5,NA,,,,36.12824,-6.50273,14754.0,0,1899,
V1016 Sgr,274.99012,-25.18739,,,15.0,,7.0,NA,,,,7.03252,-4.80649,14877.0,0,1899,
V1059 Sgr,285.46067,-13.16167,pec(Nova),,16.5,,4.5,NA,,,,22.30585,-8.23058,14360.0,0,1898,
BB Oph,261.12571,-24.80167,,>,18.0,,11.3,N,,,,0.94693,6.19344,14067.0,0,1897,
LQ Sgr,277.12079,-27.92181,,>,16.5,,10.0,NA,,,,5.46388,-7.75227,14189.0,0,1897,
Z Cen,204.989,-31.63508,pec(SN),>,20.5,,8.0,SNI,,,,314.86706,30.10974,13383.0,0,1895,
RS Car,167.02371,-61.93544,pec(Nova),>,18.0,,7.0,NA,,,,291.097,-1.4618,13285.0,0,1895,
V5557 Sgr,270.43025,-35.65772,,>,16.5,,12.3,N,,,,355.90288,-6.32515,12595.0,0,1893,
IL Nor,232.34579,-50.58344,pec(Nova),>,16.3,,7.0,NB,,,,326.83498,4.81056,12638.0,0,1893,
T Aur,82.99638,30.44597,pec(Nova),,15.5,,4.1,NB+EA,,,,177.14276,-1.69839,12088.0,0,1891,
V Per,30.47479,56.73431,pec(Nova),>,17.5,,4.0,N,,,,132.52126,-4.81985,10500.0,0,1887,
S And,10.67958,41.26806,(SNI),>,16.0,,5.8,SNI,,,,121.17015,-21.57386,9775.0,0,1885,
AB Boo,211.76667,20.73333,,,,,4.5,N:,,,,16.67493,71.59856,,0,1877,
Q Cyg,325.43304,42.84142,pec(Nova),,15.6,,3.0,NA,,,,89.92851,-7.55245,6583.0,0,1876,
AG Peg,327.75825,12.62558,WN6+M3III,,9.4,,6.0,NC,,,,69.2778,-30.88689,,0,1870,
SY Gem,100.16312,31.18203,,>,13.0,,9.2,N:,,,,183.65318,11.55279,,0,1866,:
V728 Sco,264.80504,-45.47928,,>,11.0,,5.0,N:,,,,345.19243,-7.56872,1420.0,0,1862,
T Boo,213.52917,19.06667,,>,17.0,,9.7,N:,,,,14.2976,69.38592,510.0,0,1860,
T Sco,244.26179,-22.97536,,>,12.0,,6.8,NA,,,,352.67494,19.46233,552.0,0,1860,
VZ Gem,121.94167,30.84944,,,16.0,,8.7,N:,,,,190.8963,28.92172,99040.0,0,1856,
W Ari,50.1875,28.95306,,>,20.0,,9.5,N:,,,,158.27784,-23.48501,,0,1855,
U Leo,156.01587,14.00719,,>,14.0,,9.5,N:,,,,226.33573,53.26643,,0,1855,
SU Ari,42.12708,17.36306,,>,14.5,,9.5,N:,,,,158.80466,-37.2233,,0,1854,
V841 Oph,254.87654,-12.89089,pec(cont+e),,13.5,,4.3,NB,,,,7.62112,17.77848,,0,1848,
WY Sge,293.18275,17.74853,pec(e+cont),,20.7,,5.4,N+UG:+EA,,,,53.36766,-0.73882,72494.0,0,1783,
V529 Ori,89.58396,20.26261,,>,11.0,,6.0,NR:,,,,188.93511,-1.93731,,0,1678,:
CK Vul,296.90883,27.31328,ea,,20.0,,2.7,NB,,,,63.38309,0.98936,,0,1670,
V843 Oph,262.655,-21.48083,,>,19.0,,-3.0,SNI,,,,4.51827,6.83725,,0,1604,
B Cas,6.33958,64.14083,,>,19.0,,-4.5,SNI:,,,,120.0923,1.41297,,0,1572,
CM Tau,83.63313,22.01456,cont,,17.7,,-6.0,SN+PSR,,,,184.55742,-5.7843,,0,1054,
